"op","instance_id","id","name","activity_id","entry_status_username","startenddescription","enabled","stdevadjustmultiplier","schema_name","status_date","ingest_hour","ingest_year","ingest_month","ingest_day"
"I","2021-10-01 05:12:24.393170","365","Mt Barker Rd (Devils Elbow to Crafers)","1","Mt Barker Rd","Devils Elbow - Crafers","true","+1.0000000000000000e+00","dbo",,"14","2021","10","01"
"I","2021-10-01 05:13:21.293398","366","Mt Barker Rd - Crafers to Devils Elbow","1","Mt Barker Rd","Crafers - Devils Elbow","true","+1.0000000000000000e+00","dbo",,"14","2021","10","01"
"U","2021-09-30 17:20:42.274551","280","VMS 916 to A9 Port River Expressway via M2 North South Motorway","1","M2 North South Motorway","VMS 916 to A9 Port River Expressway","true","+1.0000000000000000e+00","dbo",,"02","2021","10","01"
"U","2021-09-30 17:21:21.942890","282","VMS 916 to Gepps Cross via Port Wakefield Road","1","Port Wakefield Road","VMS 916 to Gepps Cross","true","+1.0000000000000000e+00","dbo",,"02","2021","10","01"
"I","2021-09-03 01:53:32.873002","363","The Parade - Glynburn Road to Fullarton Road","1","The Parade","Glynburn Road to Fullarton Road","true","+1.0000000000000000e+00","dbo",,"11","2021","09","03"
"I","2021-08-10 11:10:27.722834","361","VMS061 to Keswick","1","SEF > Glen Osmond rd > Greenhill Rd","","true","+1.0000000000000000e+00","dbo",,"20","2021","08","10"
"I","2021-09-03 01:54:52.877014","364","The Parade - Fullarton Road to Glynburn Road","1","The Parade","Fullarton Road to Glynburn Road","true","+1.0000000000000000e+00","dbo",,"11","2021","09","03"
"I","2021-10-14 21:58:27.593000","370","M1 South Eastern Freeway - Crafers to Mount Osmond","1","M1 South Eastern Freeway","Crafers to Mount Osmdon","true","+1.0000000000000000e+00","dbo",,"08","2021","10","15"
"I","2021-07-06 01:49:38.770848","6","501-North-East to City - via North East Rd","1","NE RD / HACKNEY RD (CB)","Holden Hill to City","true","+1.0000000000000000e+00","dbo",,"11","2021","07","06"
"I","2021-07-06 01:49:38.770875","7","501-North-East to City - via Lower North East Rd","1","LWR NE RD / PAYNEHAM (CB)","Holden Hill to City","true","+1.0000000000000000e+00","dbo",,"11","2021","07","06"
"I","2021-07-06 01:49:38.770883","12","55-South Eastern Fwy - Stirling to Toll Gate","1","M1 SOUTH EASTERN FWY (CB)","Stirling to Tollgate","true","+1.0000000000000000e+00","dbo",,"11","2021","07","06"
"I","2021-07-06 01:49:38.770889","13","51-South Eastern Fwy - Toll Gate to Stirling","1","M1 SOUTH EASTERN FWY (OB)","Tollgate to Stirling","true","+1.0000000000000000e+00","dbo",,"11","2021","07","06"
"I","2021-07-06 01:49:38.770896","21","408-Sherriffs / South to Darlington via Main South Rd","1","A13 MAIN SOUTH RD (CB)","Sherriffs to Darlington","true","+1.0000000000000000e+00","dbo",,"11","2021","07","06"
"I","2021-07-06 01:49:38.770903","22","408-Sherriffs / South to Darlington via Southern Exy","1","M2 SOUTHERN EXY (CB)","Sherriffs to Darlington","true","+1.0000000000000000e+00","dbo",,"11","2021","07","06"
"I","2021-07-06 01:49:38.770909","23","413-Doctors / Main South / Beach to Darlington via Main South Rd","1","A13 MAIN SOUTH RD (CB)","Beach to Darlington","true","+1.0000000000000000e+00","dbo",,"11","2021","07","06"
"I","2021-07-06 01:49:38.770917","24","413-Doctors / Main South / Beach to Darlington via Southern Exy","1","M2 SOUTHERN EXY (CB)","Beach to Darlington","true","+1.0000000000000000e+00","dbo",,"11","2021","07","06"
"I","2021-07-06 01:49:38.770923","25","414-Old Noarlunga to Darlington - via Southern Exy","1","M2 SOUTHERN EXY (CB)","Old Noarlunga to Darlington","true","+1.0000000000000000e+00","dbo",,"11","2021","07","06"
"I","2021-07-06 01:49:38.770930","26","414-Old Noarlunga to Darlington - via Main South Rd","1","A13 MAIN SOUTH RD (CB)","Old Noarlunga to Darlington","true","+1.0000000000000000e+00","dbo",,"11","2021","07","06"
"I","2021-07-06 01:49:38.770937","29","413-South / Beach / Doctors to Old Noarlunga - Via Main South Rd","1","A13 MAIN SOUTH RD (SB)","Beach to Old Noarlunga","true","+1.0000000000000000e+00","dbo",,"11","2021","07","06"
"I","2021-07-06 01:49:38.770944","30","413-South / Beach / Doctors to Old Noarlunga - Via Southern Exy","1","M2 SOUTHERN EXY (SB)","Beach to Old Noarlunga","true","+1.0000000000000000e+00","dbo",,"11","2021","07","06"
"I","2021-07-06 01:49:38.770950","31","408-Sherriffs / South to Old Noarlunga via Southern Exy","1","M2 SOUTHERN EXY (SB)","Sherriffs to Old Noarlunga","true","+1.0000000000000000e+00","dbo",,"11","2021","07","06"
"I","2021-07-06 01:49:38.770957","32","408-Sherriffs / South to Old Noarlunga via Main South Rd","1","A13 MAIN SOUTH RD (SB)","Sherriffs to Old Noarlunga","true","+1.0000000000000000e+00","dbo",,"11","2021","07","06"
"I","2021-07-06 01:49:38.770964","33","55-South Eastern Fwy - Stirling to City","1","ACH / GLEN OSMOND RD (CB)","VMS055 to City","true","+1.0000000000000000e+00","dbo",,"11","2021","07","06"
"I","2021-07-06 01:49:38.770970","34","54-South Eastern Fwy - Stirling to Toll Gate","1","M1 SOUTH EASTERN FWY (CB)","CAM132 to Toll Gate","true","+1.0000000000000000e+00","dbo",,"11","2021","07","06"
"I","2021-07-06 01:49:38.770977","35","54-South Eastern Fwy - Stirling to City","1","ACH / GLEN OSMOND RD (CB)","CAM132 to City","true","+1.0000000000000000e+00","dbo",,"11","2021","07","06"
"I","2021-07-06 01:49:38.770983","36","53-South Eastern Fwy - Crafers to Toll Gate","1","M1 SOUTH EASTERN FWY (CB)","Tunnels to Toll Gate","true","+1.0000000000000000e+00","dbo",,"11","2021","07","06"
"I","2021-07-06 01:49:38.770990","37","53-South Eastern Fwy - Crafers to City","1","ACH / GLEN OSMOND RD (CB)","Tunnels to City ","true","+1.0000000000000000e+00","dbo",,"11","2021","07","06"
"I","2021-07-06 01:49:38.770996","38","402- Darlington to City via Marion Rd","1","A14 MARION RD (CB)","O'Halloran Hill to City","true","+1.0000000000000000e+00","dbo",,"11","2021","07","06"
"I","2021-07-06 01:49:38.771003","39","402- Darlington to City via South Rd","1","A13 SOUTH RD (CB)","O'Halloran Hill to City","true","+1.0000000000000000e+00","dbo",,"11","2021","07","06"
"I","2021-07-06 01:49:38.771009","40","402- Darlington to City via Goodwood Rd","1","GOODWOOD RD (CB)","O'Halloran Hill to City","true","+1.0000000000000000e+00","dbo",,"11","2021","07","06"
"I","2021-07-06 01:49:38.771015","42","403-Southern Expressway SB - Seacombe Rd to Sherriffs Rd Interchange","1","M2 SOUTHERN EXY (SB)","Seacombe Rd to Sherriffs Rd","true","+1.0000000000000000e+00","dbo",,"11","2021","07","06"
"I","2021-07-06 01:49:38.771022","43","403-Southern Expressway SB - Seacombe Rd to Beach Rd Interchange","1","M2 SOUTHERN EXY (SB)","Seacombe Rd to Beach Rd","true","+1.0000000000000000e+00","dbo",,"11","2021","07","06"
"I","2021-07-06 01:49:38.771029","44","403-Southern Expressway SB - Seacombe Rd to Old Noarlunga","1","M2 SOUTHERN EXY (SB)","Seacombe Rd to Old Noarlunga","true","+1.0000000000000000e+00","dbo",,"11","2021","07","06"
"I","2021-07-06 01:49:38.771036","45","354-Gawler Bypass to Gepps Cross - via Northern Expressway","1","NORTHERN EXY /PWR (CB)","Gawler Bypass to Gepps Cross","true","+1.0000000000000000e+00","dbo",,"11","2021","07","06"
"I","2021-07-06 01:49:38.771042","46","354-Gawler Bypass to Gepps Cross - via Main North Road","1","A20 MAIN NORTH RD (CB)","Gawler Bypass to Gepps Cross","true","+1.0000000000000000e+00","dbo",,"11","2021","07","06"
"I","2021-07-06 01:49:38.771049","47","353-Nexy / Angle Vale Rd to Gepps Cross","1","NORTHERN EXY / PWR (CB)","Angle Vale Rd to Gepps Cross","true","+1.0000000000000000e+00","dbo",,"11","2021","07","06"
"I","2021-07-06 01:49:38.771055","48","353-Nexy / Angle Vale Rd to Port Adelaide","1","NEXY/ PWR /PREXY (CB/WB)","Angle Vale Rd to Port Adelaide","true","+1.0000000000000000e+00","dbo",,"11","2021","07","06"
"I","2021-07-06 01:49:38.771062","49","352-Nexy / Curtis Rd to Port Adelaide","1","NEXY/ PWR /PREXY (CB/WB)","Curtis Rd to Port Adelaide","true","+1.0000000000000000e+00","dbo",,"11","2021","07","06"
"I","2021-07-06 01:49:38.771069","50","352-Nexy / Curtis Rd to Gepps Cross","1","NORTHERN EXY / PWR (CB)","Curtis Rd to Gepps Cross","true","+1.0000000000000000e+00","dbo",,"11","2021","07","06"
"I","2021-07-06 01:49:38.771075","51","303-Globe Derby to Gepps Cross","1","A1 Port Wakefield Rd (CB)","Globe Derby to Gepps Cross","true","+1.0000000000000000e+00","dbo",,"11","2021","07","06"
"I","2021-07-06 01:49:38.771081","52","303-Globe Derby to Port Adelaide","1","PWR / PREXY (SB/WB)","Globe Derby to Pt Adelaide","true","+1.0000000000000000e+00","dbo",,"11","2021","07","06"
"I","2021-07-06 01:49:38.771087","53","303-Globe Derby to Hindmarsh via South Rd","1","PWR / PREXY / STH RD (SB)","Globe Derby to Hindmarsh (via Sth Rd)","true","+1.0000000000000000e+00","dbo",,"11","2021","07","06"
"I","2021-07-06 01:49:38.771094","54","303-Globe Derby to North Adelaide","1","PWR / MAIN NTH RD (SB)","Globe Derby to North Adelaide","true","+1.0000000000000000e+00","dbo",,"11","2021","07","06"
"I","2021-07-06 01:49:38.771101","55","304-Salisbury Hwy Green Fields to North Adelaide","1","SALIS HWY / MN NTH RD(CB)","Mawson Lakes to North Adelaide","true","+1.0000000000000000e+00","dbo",,"11","2021","07","06"
"I","2021-07-06 01:49:38.771107","57","304-Salisbury Hwy Green Fields to Hindmarsh via South Rd","1","SALIS HWY / STH RD (SB)","Mawson Lakes to Hindmarsh (via Sth Rd)","true","+1.0000000000000000e+00","dbo",,"11","2021","07","06"
"I","2021-07-06 01:49:38.771114","58","304-Salisbury Hwy Green Fields to Port Adelaide","1","SALIS HWY / PREXY (SB/EB)","Mawson Lakes to Pt Adelaide","true","+1.0000000000000000e+00","dbo",,"11","2021","07","06"
"I","2021-07-06 01:49:38.771121","59","301-Pt Wakefield Rd Cavan to Northern Expressway","1","A1 Port Wakefield Rd (NB)","Cavan to NEXY","true","+1.0000000000000000e+00","dbo",,"11","2021","07","06"
"I","2021-07-06 01:49:38.771127","60","301-Pt Wakefield Rd Cavan to Salisbury","1","PWR / SALIS HWY (NB)","Cavan to Salisbury","true","+1.0000000000000000e+00","dbo",,"11","2021","07","06"
"I","2021-07-06 01:49:38.771133","61","205-Salisbury Hwy WB near Magazine Rd to Pt Adelaide","1","SALIS HWY / PREXY (WB)","Magazine Rd to Pt Adelaide","true","+1.0000000000000000e+00","dbo",,"11","2021","07","06"
"I","2021-07-06 01:49:38.771140","62","205-Salisbury Hwy WB near Magazine Rd to Hindmarsh","1","SALIS HWY / STH RD (SB)","Magazine Rd to Hindmarsh (via Sth Rd)","true","+1.0000000000000000e+00","dbo",,"11","2021","07","06"
"I","2021-07-06 01:49:38.771147","63","205-Salisbury Hwy WB near Magazine Rd to Ashford (ANZAC Hwy)","1","SALIS HWY / STH RD (SB)","Magazine Rd to Anzac Hwy (via Sth Rd)","true","+1.0000000000000000e+00","dbo",,"11","2021","07","06"
"I","2021-07-06 01:49:38.771154","64","256-GJ Rd EB (west of Superway) to Main North Rd (Gepps Cross)","1","GRAND JUNCTION RD (EB)","West of Superway to Main North Rd","true","+1.0000000000000000e+00","dbo",,"11","2021","07","06"
"I","2021-07-06 01:49:38.771161","65","256-GJ Rd EB (west of Superway) to North East Road (Holden Hill)","1","GRAND JUNCTION RD (EB)","West of Superway to North East Rd","true","+1.0000000000000000e+00","dbo",,"11","2021","07","06"
"I","2021-07-06 01:49:38.771168","66","255-GJ Rd WB (east of Superway) to Port Rd (Port Adelaide)","1","GRAND JUNCTION RD (WB)","East of Superway to Port Rd","true","+1.0000000000000000e+00","dbo",,"11","2021","07","06"
"I","2021-07-06 01:49:38.771174","67","255-GJ Rd WB (east of Superway) to Port Rd (Hindmarsh)","1","GJ RD / PORT RD (WB/CB)","East of Superway to Port Rd (Hindmarsh)","true","+1.0000000000000000e+00","dbo",,"11","2021","07","06"
"I","2021-07-06 01:49:38.771181","68","253-South Rd SB (north of Regency Rd) to Port Rd (Hindmarsh)","1","A13 SOUTH RD (SB)","Days Rd to Port Rd","true","+1.0000000000000000e+00","dbo",,"11","2021","07","06"
"I","2021-07-06 01:49:38.771188","69","253-South Rd SB (north of Regency Rd) to ANZAC Hwy (Ashford)","1","A13 SOUTH RD (SB)","Days Rd to Anzac Hwy","true","+1.0000000000000000e+00","dbo",,"11","2021","07","06"
"I","2021-07-06 01:49:38.771194","70","252-South Rd NB (north of Regency Rd) to Northern Expressway","1","SUPERWAY / PWR (NB)","Regency Rd to NEXY","true","+1.0000000000000000e+00","dbo",,"11","2021","07","06"
"I","2021-07-06 01:49:38.771201","71","252-South Rd NB (north of Regency Rd) to Salisbury","1","SUPERWAY / SALBY HWY (NB)","Regency Rd to Salisbury (Park Tce)","true","+1.0000000000000000e+00","dbo",,"11","2021","07","06"
"I","2021-07-06 01:49:38.771208","72","251-South Rd NB (north of Pym St) to Salisbury","1","SOUTH RD / SALBY HWY (NB)","Pym St to Salisbury (Park Tce)","true","+1.0000000000000000e+00","dbo",,"11","2021","07","06"
"I","2021-07-06 01:49:38.771215","73","251-South Rd NB (north of Pym St) to Northern Expressway","1","SOUTH RD/ PWR / NEXY (NB)","Pym St to NEXY","true","+1.0000000000000000e+00","dbo",,"11","2021","07","06"
"I","2021-07-06 01:49:38.771221","74","206-PRexy EB (E of Francis St IC) to Northern Expressway","1","PREXY/ PWR / NEXY (EB/NB)","Port Adelaide to NEXY","true","+1.0000000000000000e+00","dbo",,"11","2021","07","06"
"I","2021-07-06 01:49:38.771228","75","206-PRexy EB (E of Francis St IC) to Salisbury","1","PREXY / SALBY HWY (EB/NB)","Port Adelaide to Salisbury","true","+1.0000000000000000e+00","dbo",,"11","2021","07","06"
"I","2021-07-06 01:49:38.771235","76","204-PRexy WB (Near Perkins Dr) to Taparoo","1","PREXY / VICTORIA RD (WB)","Perkins Dr to Taparoo","true","+1.0000000000000000e+00","dbo",,"11","2021","07","06"
"I","2021-07-06 01:49:38.771241","77","257-Superway SB (South of PRExy) to Port Rd","1","SUPERWAY / SOUTH RD (SB)","PREXY to Port Rd","true","+1.0000000000000000e+00","dbo",,"11","2021","07","06"
"I","2021-07-06 01:49:38.771248","78","257-Superway SB (South of PRExy) to ANZAC Hwy","1","SUPERWAY / SOUTH RD (SB)","PREXY to Anzac Hwy","true","+1.0000000000000000e+00","dbo",,"11","2021","07","06"
"I","2021-07-06 01:49:38.771254","79","405-Sherriffs/Sexy WB to Old Noarlunga","1","SEXY / MAIN SOUTH RD (SB)","Sherriffs Rd to Seaford Rd","true","+1.0000000000000000e+00","dbo",,"11","2021","07","06"
"I","2021-07-06 01:49:38.771261","80","405-Sherriffs/Sexy WB to Darlington via SExy","1","SEXY / MAIN SOUTH RD (NB)","Sherriffs Rd to Bedford Park","true","+1.0000000000000000e+00","dbo",,"11","2021","07","06"
"I","2021-07-06 01:49:38.771267","81","405-Sherriffs/Sexy WB to Christies Beach via Dyson Rd","1","SHERRIFFS RD/DYSON RD(SB)","SEXY to Christies Beach (via Dyson Rd)","true","+1.0000000000000000e+00","dbo",,"11","2021","07","06"
"I","2021-07-06 01:49:38.771274","82","405-Sherriffs/Sexy WB to Christies Beach via Southern Exy","1","SEXY / BEACH RD (SB / WB)","Sherriffs Rd to Christies Beach (via SEXY)","true","+1.0000000000000000e+00","dbo",,"11","2021","07","06"
"I","2021-07-06 01:49:38.771281","83","406-Sherriffs/Sexy EB to Darlington via Southern Exy","1","M2 SOUTHERN EXY (NB)","Sherriffs Rd to Bedford Park (via SEXY)","true","+1.0000000000000000e+00","dbo",,"11","2021","07","06"
"I","2021-07-06 01:49:38.771288","84","406-Sherriffs/Sexy EB to Darlington via Main South Rd","1","SHERRIFFS RD/STH RD (NB)","Sherriffs Rd to Bedford Park (via Main South Rd)","true","+1.0000000000000000e+00","dbo",,"11","2021","07","06"
"I","2021-07-06 01:49:38.771295","85","406-Sherriffs/Sexy EB to Old Noarlunga via Southern Exy","1","SEXY / MAIN SOUTH RD (SB)","Sherriffs Rd to Seaford Rd","true","+1.0000000000000000e+00","dbo",,"11","2021","07","06"
"I","2021-07-06 01:49:38.771302","86","406-Sherriffs/Sexy EB to Beach Rd IC via Southern Exy","1","M2 SOUTHERN EXY (SB)","Sherriffs Rd to Beach Rd","true","+1.0000000000000000e+00","dbo",,"11","2021","07","06"
"I","2021-07-06 01:49:38.771309","87","411-Beach Rd WB to Darlington via Southern Exy","1","M2 SOUTHERN EXY (NB)","Beach Rd to Bedford Park","true","+1.0000000000000000e+00","dbo",,"11","2021","07","06"
"I","2021-07-06 01:49:38.771315","88","411-Beach Rd WB to Old Noarlunga via Southern Exy","1","SEXY / MAIN SOUTH RD (SB)","Beach Rd to Seaford Rd","true","+1.0000000000000000e+00","dbo",,"11","2021","07","06"
"I","2021-07-06 01:49:38.771322","89","412-Beach Rd EB to Old Noarlunga via Southern Exy","1","SEXY / MAIN SOUTH RD (SB)","Beach Rd to Seaford Rd","true","+1.0000000000000000e+00","dbo",,"11","2021","07","06"
"I","2021-07-06 01:49:38.771329","90","412-Beach Rd EB to Darlington via Southern Exy","1","M2 SOUTHERN EXY (NB)","Beach Rd to Bedford Park","true","+1.0000000000000000e+00","dbo",,"11","2021","07","06"
"I","2021-07-06 01:49:38.771335","91","412-Beach Rd EB to Darlington via Main South Rd","1","BEACH RD/STH RD (EB/NB)","Christies Beach to Bedford Park","true","+1.0000000000000000e+00","dbo",,"11","2021","07","06"
"I","2021-07-06 01:49:38.771342","92","412-Beach Rd EB to Sherriffs Rd IC via Southern Exy","1","M2 SOUTHERN EXY (NB)","Beach Rd to Sherriffs Rd","true","+1.0000000000000000e+00","dbo",,"11","2021","07","06"
"I","2021-07-06 01:49:38.771348","93","409-Southern Exy NB (near Flaxmill Rd) to Darlington","1","M2 SOUTHERN EXY (NB)","Flaxmill Rd to Bedford Park","true","+1.0000000000000000e+00","dbo",,"11","2021","07","06"
"I","2021-07-06 01:49:38.771355","94","409-Southern Exy NB (near Flaxmill Rd) to City","1","SEXY / SOUTH RD (NB)","Flaxmill Rd to City","true","+1.0000000000000000e+00","dbo",,"11","2021","07","06"
"I","2021-07-06 01:49:38.771362","95","410-Southern Exy SB (near Flaxmill Rd) to Old Noarlunga","1","M2 SOUTHERN EXY (SB)","Flaxmill Rd to Old Noarlunga","true","+1.0000000000000000e+00","dbo",,"11","2021","07","06"
"I","2021-07-06 01:49:38.771368","96","410-Southern Exy SB (near Flaxmill Rd) to Seaford Rise","1","SEXY / MAIN SOUTH RD (SB)","Flaxmill Rd to Seaford Rd","true","+1.0000000000000000e+00","dbo",,"11","2021","07","06"
"I","2021-07-06 01:49:38.771375","97","201-Victoria Rd SB to Northern Expressway","1","VICTORIA RD /NEXY (EB/NB)","Taparoo to NEXY","true","+1.0000000000000000e+00","dbo",,"11","2021","07","06"
"I","2021-07-06 01:49:38.771381","98","201-Victoria Rd SB to Mawson Lakes","1","VICTORIA RD/SALBY HY (EB)","Taparoo to Mawson Lakes","true","+1.0000000000000000e+00","dbo",,"11","2021","07","06"
"I","2021-07-06 01:49:38.771388","100","351-NExy NB - Heaslip Rd to Gawler","1","NORTHERN EXY (NB)","Heaslip Rd to Gawler Bypass","true","+1.0000000000000000e+00","dbo",,"11","2021","07","06"
"I","2021-07-06 01:49:38.771394","101","254-South Rd NB (Near Kateena)  to Globe Derby via N-S Motorway","1","A13 SOUTH RD (NB)","Kateena St to Globe Derby (via Superway)","true","+1.0000000000000000e+00","dbo",,"11","2021","07","06"
"I","2021-07-06 01:49:38.771401","102","254-South Rd NB (Near Kateena)  to Globe Derby via Pt Wakefield Rd","1","A13 SOUTH RD (NB)","Kateena St to Globe Derby (via Pt Wk Rd)","true","+1.0000000000000000e+00","dbo",,"11","2021","07","06"
"I","2021-07-06 01:49:38.771408","103","508-Torrens Rd Citybound near Arndale to Torrens / South","1","TORRENS RD (CB)","Arndale to South Rd","true","+1.0000000000000000e+00","dbo",,"11","2021","07","06"
"I","2021-07-06 01:49:38.771415","104","508-Torrens Rd Citybound near Arndale to Ring Route","1","TORRENS RD (CB)","Arndale to Ring Route","true","+1.0000000000000000e+00","dbo",,"11","2021","07","06"
"I","2021-07-06 01:49:38.771421","105","508-Torrens Rd Citybound near Arndale to Regency / South","1","TORRENS RD (CB)","Arndale to Regency/South Rd","true","+1.0000000000000000e+00","dbo",,"11","2021","07","06"
"I","2021-07-06 01:49:38.771428","106","508-Torrens Rd Citybound near Arndale to Regency / Main North","1","TORRENS RD (CB)","Arndale to Regency/Mn Nth Rd","true","+1.0000000000000000e+00","dbo",,"11","2021","07","06"
"I","2021-07-06 01:49:38.771434","107","507-Park Tce Southbound to Anzac / South","1","PARK TCE (SB)","Torrens Rd to Anzac/South Rd","true","+1.0000000000000000e+00","dbo",,"11","2021","07","06"
"I","2021-07-06 01:49:38.771441","108","507-Park Tce Southbound to Southern Exy","1","PARK TCE (SB)","Torrens Rd to M2 Sth Exp","true","+1.0000000000000000e+00","dbo",,"11","2021","07","06"
"I","2021-07-06 01:49:38.771447","109","507-Park Tce Southbound to Holbrooks / Grange","1","PARK TCE (SB)","Torrens Rd to Holbrooks/Grange Rd","true","+1.0000000000000000e+00","dbo",,"11","2021","07","06"
"I","2021-07-06 01:49:38.771453","110","507-Park Tce Southbound to Holbrooks / Henley Beach","1","PARK TCE (SB)","Torrens Rd to Holbrooks/Hen Bch Rd","true","+1.0000000000000000e+00","dbo",,"11","2021","07","06"
"I","2021-07-06 01:49:38.771460","111","512-South Rd Nouthbound near James Congdon to South / Port","1","A13 SOUTH RD (NB)","James Cong Drv to Port Rd","true","+1.0000000000000000e+00","dbo",,"11","2021","07","06"
"I","2021-07-06 01:49:38.771466","112","512-South Rd Nouthbound near James Congdon to South / Regency","1","A13 SOUTH RD (NB)","James Cong Drv to Regency Rd","true","+1.0000000000000000e+00","dbo",,"11","2021","07","06"
"I","2021-07-06 01:49:38.771473","113","512-South Rd Nouthbound near James Congdon to Torrens / Fitzroy","1","A13 SOUTH RD (NB)","James Cong Drv to Torrens/Fitzroy","true","+1.0000000000000000e+00","dbo",,"11","2021","07","06"
"I","2021-07-06 01:49:38.771480","114","512-South Rd Nouthbound near James Congdon to Torrens / Main North","1","A13 SOUTH RD (NB)","James Cong Drv to Torrens/MN Rd","true","+1.0000000000000000e+00","dbo",,"11","2021","07","06"
"I","2021-07-06 01:49:38.771486","115","507-Grange Rd Inbound near Holbrooks to South / Henley","1","GRANGE RD (CB)","Holbrooks to South/Hen Bch Rd","true","+1.0000000000000000e+00","dbo",,"11","2021","07","06"
"I","2021-07-06 01:49:38.771493","116","507-Grange Rd Inbound near Holbrooks to South / Regency","1","GRANGE RD (CB)","Holbrooks to South/Regency Rd","true","+1.0000000000000000e+00","dbo",,"11","2021","07","06"
"I","2021-07-06 01:49:38.771500","117","507-Grange Rd Inbound near Holbrooks to Torrens / Fitzroy","1","GRANGE RD (CB)","Holbrooks to Torrens/Fitzroy","true","+1.0000000000000000e+00","dbo",,"11","2021","07","06"
"I","2021-07-06 01:49:38.771506","118","507-Grange Rd Inbound near Holbrooks to West Tce / North Tce (City)","1","GRANGE RD (CB)","Holbrooks to West/North Tce","true","+1.0000000000000000e+00","dbo",,"11","2021","07","06"
"I","2021-07-06 01:49:38.771513","119","509/510-Port Rd Inbound near East Ave to South Rd","1","GRANGE RD (CB)","East Ave to South Rd","true","+1.0000000000000000e+00","dbo",,"11","2021","07","06"
"I","2021-07-06 01:49:38.771519","120","509/510-Port Rd Inbound near East Ave to City","1","A7 PORT RD (CB)","East Ave to City","true","+1.0000000000000000e+00","dbo",,"11","2021","07","06"
"I","2021-07-06 01:49:38.771525","121","509/510-Port Rd Inbound near East Ave to Henley Bch Rd","1","A7 PORT RD (CB)","East Ave to Henley Bch Rd","true","+1.0000000000000000e+00","dbo",,"11","2021","07","06"
"I","2021-07-06 01:49:38.771532","122","509/510-Port Rd Inbound near East Ave to Regency Rd","1","A7 PORT RD (CB)","East Ave to Regency Rd","true","+1.0000000000000000e+00","dbo",,"11","2021","07","06"
"I","2021-07-06 01:49:38.771538","123","506-Port Rd Outbound near Smith St to South Rd / Port Rd","1","A7 PORT RD (CB)","Smith St to Regency Rd","true","+1.0000000000000000e+00","dbo",,"11","2021","07","06"
"I","2021-07-06 01:49:38.771545","124","506-Port Rd Outbound near Smith St to South Rd / Grange Rd","1","A7 PORT RD (CB)","Smith St to South Rd","true","+1.0000000000000000e+00","dbo",,"11","2021","07","06"
"I","2021-07-06 01:49:38.771551","125","506-Port Rd Outbound near Smith St to Torrens / Fitzroy","1","A7 PORT RD (CB)","Smith St to Torrens/Fitzroy","true","+1.0000000000000000e+00","dbo",,"11","2021","07","06"
"I","2021-07-06 01:49:38.771557","126","506-Port Rd Outbound near Smith St to Robe / Main North","1","A7 PORT RD (CB)","Smith St to Robe Tce/Mn Nth Rd","true","+1.0000000000000000e+00","dbo",,"11","2021","07","06"
"I","2021-07-06 01:49:38.771564","127","520-Fullarton / Glen Osmond to Britannia","1","520-Fullarton / Glen Osmo","No description specified","true","+1.0000000000000000e+00","dbo",,"11","2021","07","06"
"I","2021-07-06 01:49:38.771570","128","520-Fullarton / Glen Osmond to Payneham","1","520-Fullarton / Glen Osmo","No description specified","true","+1.0000000000000000e+00","dbo",,"11","2021","07","06"
"I","2021-07-06 01:49:38.771577","129","520-Fullarton / Glen Osmond to North Tce / Hackney","1","520-Fullarton / Glen Osmo","No description specified","true","+1.0000000000000000e+00","dbo",,"11","2021","07","06"
"I","2021-07-06 01:49:38.771583","130","520-Fullarton / Glen Osmond to Melbourne St","1","Fullarton Rd / Hackney Rd (NB)","Glen Osmond Rd to Melbourne St","true","+1.0000000000000000e+00","dbo",,"11","2021","07","06"
"I","2021-07-06 01:49:38.771590","131","516-Lower NE to Stephen Tce","1","518-Payneham to Stephen T","No description specified","true","+1.0000000000000000e+00","dbo",,"11","2021","07","06"
"I","2021-07-06 01:49:38.771596","132","516-Lower NE to Hackney Rd","1","516-Lower NE to Hackney Rd","No description specified","true","+1.0000000000000000e+00","dbo",,"11","2021","07","06"
"I","2021-07-06 01:49:38.771602","133","518-Payneham to Hackney Rd","1","518-Payneham to Hackney R","No description specified","true","+1.0000000000000000e+00","dbo",,"11","2021","07","06"
"I","2021-07-06 01:49:38.771608","134","518-Payneham to Stephen Tce","1","518-Payneham to Stephen T","No description specified","true","+1.0000000000000000e+00","dbo",,"11","2021","07","06"
"I","2021-07-06 01:49:38.771614","135","609 - Flagstaff Rd to Daws Rd via South Rd","1","609 - Flagstaff Rd to South Rd","No description specified","true","+1.0000000000000000e+00","dbo",,"11","2021","07","06"
"I","2021-07-06 01:49:38.771621","136","609 - Flagstaff Rd to Anzac Hwy via South Rd","1","609 - Flagstaff Rd to Anz","No description specified","true","+1.0000000000000000e+00","dbo",,"11","2021","07","06"
"I","2021-07-06 01:49:38.771627","137","611-Shep Hill Rd to Main South Rd / Southern Exy","1","611-Shep Hill Rd to Main ","No description specified","true","+1.0000000000000000e+00","dbo",,"11","2021","07","06"
"I","2021-07-06 01:49:38.771634","138","611-Shep Hill Rd to South Rd / Daws Rd","1","611-Shep Hill Rd to South","No description specified","true","+1.0000000000000000e+00","dbo",,"11","2021","07","06"
"I","2021-07-06 01:49:38.771640","140","611-Shep Hill Rd to Sturt Rd / Diagonal Rd","1","611-Shep Hill Rd to Sturt","No description specified","true","+1.0000000000000000e+00","dbo",,"11","2021","07","06"
"I","2021-07-06 01:49:38.771646","141","601-Springbank Rd to Ayliffes/South","1","601-Springbank Rd to Ayli","No description specified","true","+1.0000000000000000e+00","dbo",,"11","2021","07","06"
"I","2021-07-06 01:49:38.771653","142","601-Springbank Rd to SExy/South","1","601-Springbank Rd to SExy","No description specified","true","+1.0000000000000000e+00","dbo",,"11","2021","07","06"
"I","2021-07-06 01:49:38.771659","143","601-Springbank Rd to Daws/South","1","601-Springbank Rd to Daws","No description specified","true","+1.0000000000000000e+00","dbo",,"11","2021","07","06"
"I","2021-07-06 01:49:38.771665","144","601-Springbank Rd to Daws/Marion","1","601-Springbank Rd to Daws","No description specified","true","+1.0000000000000000e+00","dbo",,"11","2021","07","06"
"I","2021-07-06 01:49:38.771671","145","604-Brighton Rd to Morphett Rd","1","604-Brighton Rd to Morphe","No description specified","true","+1.0000000000000000e+00","dbo",,"11","2021","07","06"
"I","2021-07-06 01:49:38.771677","146","604-Brighton Rd to Sturt Rd via Diagonal Rd","1","604-Brighton Rd to Sturt ","No description specified","true","+1.0000000000000000e+00","dbo",,"11","2021","07","06"
"I","2021-07-06 01:49:38.771684","147","604-Brighton Rd to Sturt Rd","1","604-Brighton Rd to Sturt ","No description specified","true","+1.0000000000000000e+00","dbo",,"11","2021","07","06"
"I","2021-07-06 01:49:38.771690","148","604-Brighton Rd to Majors Rd","1","Brighton Rd / Ocean Blvd (SB)","Jetty Rd to Majors Rd","true","+1.0000000000000000e+00","dbo",,"11","2021","07","06"
"I","2021-07-06 01:49:38.771696","149","402- Darlington to City via Unley Rd","1","402- Darlington to City v","No description specified","true","+1.0000000000000000e+00","dbo",,"11","2021","07","06"
"I","2021-07-06 01:49:38.771702","150","606-Sturt Rd near Marion SC to Flagstaff Hill","1","606-Sturt Rd near Marion ","No description specified","true","+1.0000000000000000e+00","dbo",,"11","2021","07","06"
"I","2021-07-06 01:49:38.771709","151","606-Sturt Rd near Marion SC to Marion/Daws","1","606-Sturt Rd near Marion ","No description specified","true","+1.0000000000000000e+00","dbo",,"11","2021","07","06"
"I","2021-07-06 01:49:38.771715","152","609 - Flagstaff Rd to Daws Rd via Marion Rd","1","609 - Flagstaff Rd to Daws Rd via Marion Rd","No description specified","true","+1.0000000000000000e+00","dbo",,"11","2021","07","06"
"I","2021-07-06 01:49:38.771722","153","609 - Flagstaff Rd to Anzac Hwy via Marion Rd","1","609 - Flagstaff Rd to Anz","No description specified","true","+1.0000000000000000e+00","dbo",,"11","2021","07","06"
"I","2021-07-06 01:49:38.771728","156","606-Sturt Rd near Marion SC to St Marys","1","606-Sturt Rd near Marion ","No description specified","true","+1.0000000000000000e+00","dbo",,"11","2021","07","06"
"I","2021-07-06 01:49:38.771735","157","606-Sturt Rd near Marion SC to Blackwood","1","606-Sturt Rd near Marion ","No description specified","true","+1.0000000000000000e+00","dbo",,"11","2021","07","06"
"I","2021-07-06 01:49:38.771741","158","605-Diagonal Rd to SExy","1","","","true","+1.0000000000000000e+00","dbo",,"11","2021","07","06"
"I","2021-07-06 01:49:38.771746","159","605-Diagonal Rd to Ohalloran Hill","1","","","true","+1.0000000000000000e+00","dbo",,"11","2021","07","06"
"I","2021-07-06 01:49:38.771751","160","605-Diagonal Rd to Flagstaff Hill","1","","","true","+1.0000000000000000e+00","dbo",,"11","2021","07","06"
"I","2021-07-06 01:49:38.771756","161","605-Diagonal Rd to Blackwood","1","","","true","+1.0000000000000000e+00","dbo",,"11","2021","07","06"
"I","2021-07-06 01:49:38.771760","162","603-South Rd Melrose Pk to Blackwood","1","","","true","+1.0000000000000000e+00","dbo",,"11","2021","07","06"
"I","2021-07-06 01:49:38.771765","163","603-South Rd Melrose Pk to Oaklands Park","1","","","true","+1.0000000000000000e+00","dbo",,"11","2021","07","06"
"I","2021-07-06 01:49:38.771770","164","603-South Rd Melrose Pk to Flagstaff Hill","1","","","true","+1.0000000000000000e+00","dbo",,"11","2021","07","06"
"I","2021-07-06 01:49:38.771775","165","603-South Rd Melrose Pk to Southern Exy","1","","","true","+1.0000000000000000e+00","dbo",,"11","2021","07","06"
"I","2021-07-06 01:49:38.771780","166","602-Goodwood Rd to Shepherds Hill Rd","1","","","true","+1.0000000000000000e+00","dbo",,"11","2021","07","06"
"I","2021-07-06 01:49:38.771785","167","602-Goodwood Rd to Southern Exy","1","","","true","+1.0000000000000000e+00","dbo",,"11","2021","07","06"
"I","2021-07-06 01:49:38.771790","168","513 - Main Nth Rd Enfield to North Adelaide","1","","","true","+1.0000000000000000e+00","dbo",,"11","2021","07","06"
"I","2021-07-06 01:49:38.771795","169","513 - Main Nth Rd Enfield to City","1","","","true","+1.0000000000000000e+00","dbo",,"11","2021","07","06"
"I","2021-07-06 01:49:38.771800","170","513 - Main Nth Rd Enfield to Kent Town","1","","","true","+1.0000000000000000e+00","dbo",,"11","2021","07","06"
"I","2021-07-06 01:49:38.771805","171","513 - Main Nth Rd Enfield to Hindmarsh","1","","","true","+1.0000000000000000e+00","dbo",,"11","2021","07","06"
"I","2021-07-06 01:49:38.771810","172","514 - Hampstead Rd to SE Freeway","1","","","true","+1.0000000000000000e+00","dbo",,"11","2021","07","06"
"I","2021-07-06 01:49:38.771815","173","514 - Hampstead Rd to Kent Town","1","","","true","+1.0000000000000000e+00","dbo",,"11","2021","07","06"
"I","2021-07-06 01:49:38.771820","174","514 - Hampstead Rd to Hindmarsh","1","","","true","+1.0000000000000000e+00","dbo",,"11","2021","07","06"
"I","2021-07-06 01:49:38.771824","175","514 - Hampstead Rd to Payneham","1","","","true","+1.0000000000000000e+00","dbo",,"11","2021","07","06"
"I","2021-07-06 01:49:38.771829","176","519 - Magill Rd to Hackney Rd","1","","","true","+1.0000000000000000e+00","dbo",,"11","2021","07","06"
"I","2021-07-06 01:49:38.771834","177","519 - Magill Rd to Greenhill Rd","1","","","true","+1.0000000000000000e+00","dbo",,"11","2021","07","06"
"I","2021-07-06 01:49:38.771839","178","519 - Magill Rd to SE Freeway","1","","","true","+1.0000000000000000e+00","dbo",,"11","2021","07","06"
"I","2021-07-06 01:49:38.771844","179","519 - Magill Rd to North East Rd","1","","","true","+1.0000000000000000e+00","dbo",,"11","2021","07","06"
"I","2021-07-06 01:49:38.771848","180","610 - Black Rd VMS to Daws Rd via Marion Rd","1","","","true","+1.0000000000000000e+00","dbo",,"11","2021","07","06"
"I","2021-07-06 01:49:38.771853","181","610 - Black Rd VMS to Anzac Hwy via Marion Rd","1","610 - Black Rd VMS to Anzac Hwy via Marion Rd","","true","+1.0000000000000000e+00","dbo",,"11","2021","07","06"
"I","2021-07-06 01:49:38.771860","182","610 - Black Rd VMS to Daws Rd via South Rd","1","Black/Flagstaff/South Rd (NB)","Black Rd to Daws Rd","true","+1.0000000000000000e+00","dbo",,"11","2021","07","06"
"I","2021-07-06 01:49:38.771866","183","610 - Black Rd VMS to Anzac Hwy via South Rd","1","610 - Black Rd VMS to Anzac Hwy via South Rd","","true","+1.0000000000000000e+00","dbo",,"11","2021","07","06"
"I","2021-07-06 01:49:38.771872","184","608 - Happy Valley Dr VMS to Daws Rd via Marion Rd","1","","","true","+1.0000000000000000e+00","dbo",,"11","2021","07","06"
"I","2021-07-06 01:49:38.771877","185","608 - Happy Valley Dr VMS to Anzac Hwy via Marion Rd","1","","","true","+1.0000000000000000e+00","dbo",,"11","2021","07","06"
"I","2021-07-06 01:49:38.771883","186","608 - Happy Valley Dr VMS to Daws Rd via South Rd","1","","","true","+1.0000000000000000e+00","dbo",,"11","2021","07","06"
"I","2021-07-06 01:49:38.771888","187","608 - Happy Valley Dr VMS to Anzac Hwy via South Rd","1","","","true","+1.0000000000000000e+00","dbo",,"11","2021","07","06"
"I","2021-07-06 01:49:38.771893","188","515 - North East Rd (E of Ascot Ave) to Hindmarsh","1","","","true","+1.0000000000000000e+00","dbo",,"11","2021","07","06"
"I","2021-07-06 01:49:38.771898","189","515 - North East Rd (E of Ascot Ave) to Kent Town","1","","","true","+1.0000000000000000e+00","dbo",,"11","2021","07","06"
"I","2021-07-06 01:49:38.771903","190","515 - North East Rd (E of Ascot Ave) to Melbourne St","1","","","true","+1.0000000000000000e+00","dbo",,"11","2021","07","06"
"I","2021-07-06 01:49:38.771908","191","515 - North East Rd (E of Ascot Ave) to Fitzroy Tce","1","","","true","+1.0000000000000000e+00","dbo",,"11","2021","07","06"
"I","2021-07-06 01:49:38.771914","192","304-Salisbury Hwy Green Fields to Gepps Cross","1","","","true","+1.0000000000000000e+00","dbo",,"11","2021","07","06"
"I","2021-07-06 01:49:38.771919","193","517-Montacute Rd to Stephens Tce","1","","","true","+1.0000000000000000e+00","dbo",,"11","2021","07","06"
"I","2021-07-06 01:49:38.771923","194","517-Montacute Rd to Hackney Rd","1","","","true","+1.0000000000000000e+00","dbo",,"11","2021","07","06"
"I","2021-07-06 01:49:38.771928","195","Copper Coast VMS (near Paskeville) to Two Wells via Pt Wakefield Rd","1","","","true","+1.0000000000000000e+00","dbo",,"11","2021","07","06"
"I","2021-07-06 01:49:38.771934","196","Copper Coast VMS (near Paskeville) to Two Wells via Detour Route","1","","","true","+1.0000000000000000e+00","dbo",,"11","2021","07","06"
"I","2021-07-06 01:49:38.771939","197","Augusta Hwy VMS (near Nantawarra) to Two Wells via Pt Wakefield Rd","1","","","true","+1.0000000000000000e+00","dbo",,"11","2021","07","06"
"I","2021-07-06 01:49:38.771945","198","Augusta Hwy VMS (near Nantawarra) to Two Wells via Detour Route","1","","","true","+1.0000000000000000e+00","dbo",,"11","2021","07","06"
"I","2021-07-06 01:49:38.771950","199","302-Pt Wakefield Rd - Bolivar Rd to Copper Coast Hwy","1","Port Wakefield Rd","Bolivar Rd to Waterloo Cnr Rd","true","+1.0000000000000000e+00","dbo",,"11","2021","07","06"
"I","2021-07-06 01:49:38.771957","200","51-South Eastern Fwy - Toll Gate to Hahndorf","1","","","true","+1.0000000000000000e+00","dbo",,"11","2021","07","06"
"I","2021-07-06 01:49:38.771962","201","51-South Eastern Fwy - Toll Gate to Mt Barker","1","","","true","+1.0000000000000000e+00","dbo",,"11","2021","07","06"
"I","2021-07-06 01:49:38.771967","202","51-South Eastern Fwy - Toll Gate to Murray Bridge","1","","","true","+1.0000000000000000e+00","dbo",,"11","2021","07","06"
"I","2021-07-06 01:49:38.771972","203","54 - Crafers to GJ Rd","1","","","true","+1.0000000000000000e+00","dbo",,"11","2021","07","06"
"I","2021-07-06 01:49:38.771976","204","54 - Crafers to TS077","1","","","true","+1.0000000000000000e+00","dbo",,"11","2021","07","06"
"I","2021-07-06 01:49:38.771981","205","55 - VMS055 to TS016","1","","","true","+1.0000000000000000e+00","dbo",,"11","2021","07","06"
"I","2021-07-06 01:49:38.771986","206","55 - VMS055 to TS077","1","","","true","+1.0000000000000000e+00","dbo",,"11","2021","07","06"
"I","2021-07-06 01:49:38.771990","207","607 - TS146 to TS111","1","Main South Road (NB)","Majors Rd to Ayliffes Rd","true","+1.0000000000000000e+00","dbo",,"11","2021","07","06"
"I","2021-07-06 01:49:38.771996","208","607 - TS146 to TS108","1","Main South Road (NB)","Majors Rd to Daws Rd","true","+1.0000000000000000e+00","dbo",,"11","2021","07","06"
"I","2021-07-06 01:49:38.772002","209","607 - TS146 to TS107","1","","","true","+1.0000000000000000e+00","dbo",,"11","2021","07","06"
"I","2021-07-06 01:49:38.772006","210","607 - TS146 to TS116","1","Main South Rd / Diagonal Rd (NB)","Majors Rd to Sturt Rd","true","+1.0000000000000000e+00","dbo",,"11","2021","07","06"
"I","2021-07-06 01:49:38.772012","211","611-Shep Hill Rd to Daws / Springbank / Goodwood","1","Shepherds Hill Rd / Fivash Dr (NB)","Shepherds Hill Rd to Daws Rd","true","+1.0000000000000000e+00","dbo",,"11","2021","07","06"
"I","2021-07-06 01:49:38.772019","212","611-Shepherds Hill Rd to Anzac Hwy","1","","","true","+1.0000000000000000e+00","dbo",,"11","2021","07","06"
"I","2021-07-06 01:49:38.772024","213","554-Port Road near Queen Street (inbound) to Park Terrace","1","Port Road (Inbound)","Queen Street to Park Terrace","true","+1.0000000000000000e+00","dbo",,"11","2021","07","06"
"I","2021-07-06 01:49:38.772031","214","554-Port Road (Inbound) - Queen Street to City","1","Port Road (Inbound)","Queen Street to West Terrace (City)","true","+1.0000000000000000e+00","dbo",,"11","2021","07","06"
"I","2021-07-06 01:49:38.772038","215","553-South Rd / Salisbury Hwy - Torrens Road to Salisbury","1","South Rd / Salisbury Hwy","Torrens Road to Salisbury (Park Tce)","true","+1.0000000000000000e+00","dbo",,"11","2021","07","06"
"I","2021-07-06 01:49:38.772045","216","553-South Rd / Pt Wakefield Rd - Torrens Road to Northern Exy","1","South Rd / Pt Wakefield Rd","Torrens Rd to Northern Exy","true","+1.0000000000000000e+00","dbo",,"11","2021","07","06"
"I","2021-07-06 01:49:38.772051","217","Murray Bridge to Mt Barker","1","South Eastern Freeway","Murray Bridge to Mt Barker","true","+1.0000000000000000e+00","dbo",,"11","2021","07","06"
"I","2021-07-06 01:49:38.772058","218","Murray Bridge to Crafers","1","South Eastern Freeway","Murray Bridge to Crafers","true","+1.0000000000000000e+00","dbo",,"11","2021","07","06"
"I","2021-07-06 01:49:38.772064","219","Murray Bridge to the Old Toll Gate","1","South Eastern Freeway","Murray Bridge to Old Toll Gate","true","+1.0000000000000000e+00","dbo",,"11","2021","07","06"
"I","2021-07-06 01:49:38.772070","220","Two Wells to Northern Expressway","1","Port Wakefield Road","Two Wells to Northern Expressway","true","+1.0000000000000000e+00","dbo",,"11","2021","07","06"
"I","2021-07-06 01:49:38.772076","221","Two Wells to Salisbury Highway","1","Port Wakefield Road","Two Wells to Salisbury Highway","true","+1.0000000000000000e+00","dbo",,"11","2021","07","06"
"I","2021-07-06 01:49:38.772082","222","Two Wells to Gepps Cross","1","Port Wakefield Road","Two Wells to Gepps Cross","true","+1.0000000000000000e+00","dbo",,"11","2021","07","06"
"I","2021-07-06 01:49:38.772089","223","Mount Barker to Crafers","1","South Eastern Freeway","Mount Barker to Crafers","true","+1.0000000000000000e+00","dbo",,"11","2021","07","06"
"I","2021-07-06 01:49:38.772094","224","Mount Barker to Old Toll Gate","1","South Eastern Freeway","Mount Barker to Old Toll Gate","true","+1.0000000000000000e+00","dbo",,"11","2021","07","06"
"I","2021-07-06 01:49:38.772101","225","Mount Barker to City","1","South Eastern Freeway","Mount Barker to City","true","+1.0000000000000000e+00","dbo",,"11","2021","07","06"
"I","2021-07-06 01:49:38.772107","226","Ashford to SExy via South Rd","1","South Road","Anzac Highway to Southern Expressway","true","+1.0000000000000000e+00","dbo",,"11","2021","07","06"
"I","2021-07-06 01:49:38.772113","227","Ashford to SExy via Marion Road","1","Marion Road","Anzac Highway to Southern Expressway","true","+1.0000000000000000e+00","dbo",,"11","2021","07","06"
"I","2021-07-06 01:49:38.772119","228","Main North Rd / Black Top Rd to City via Main North Rd","1","Main North Road","Black Top Road to Robe Terrace","true","+1.0000000000000000e+00","dbo",,"11","2021","07","06"
"I","2021-07-06 01:49:38.772126","229","Main North Rd / Black Top Rd to City via Bridge Road","1","Bridge Road","Black Top Road to Melbourne Street","true","+1.0000000000000000e+00","dbo",,"11","2021","07","06"
"I","2021-07-06 01:49:38.772133","230","Fullarton Road - Wattle Street to Blackwood","1","Fullarton Road","Wattle Street to Blackwood","true","+1.0000000000000000e+00","dbo",,"11","2021","07","06"
"I","2021-07-06 01:49:38.772139","231","Fullarton Road - Wattle Street to Goodwood Rd","1","Fullarton Road","Wattle Street to Goodwood / Springbank","true","+1.0000000000000000e+00","dbo",,"11","2021","07","06"
"I","2021-07-06 01:49:38.772146","232","Fullarton Rd - Wattle Street to SExy","1","Fullarton Road","Wattle Street to Southern Expressway","true","+1.0000000000000000e+00","dbo",,"11","2021","07","06"
"I","2021-07-06 01:49:38.772152","233","Main Rd Glenalta to Mitcham Square","1","Main Road / Old Belair Road","Glenalta Rail Crossing to Belair / Grange Rd","true","+1.0000000000000000e+00","dbo",,"11","2021","07","06"
"I","2021-07-06 01:49:38.772159","234","Main Rd Glenalta to Fullarton / Cross","1","Old Belair Rd / Fullarton Rd","Glenalta Rail Crossing to Cross Road","true","+1.0000000000000000e+00","dbo",,"11","2021","07","06"
"I","2021-07-06 01:49:38.772166","235","Main Road Glenalta to Britannia","1","Old Belair Road / Fullarton Road","Glenalta Rail Crossing to Britannia","true","+1.0000000000000000e+00","dbo",,"11","2021","07","06"
"I","2021-07-06 01:49:38.772172","236","552-South Road - Grange Road to Regency Road","1","South Road","Grange Road to Regency Road","true","+1.0000000000000000e+00","dbo",,"11","2021","07","06"
"I","2021-07-06 01:49:38.772179","237","552-South Road - Grange Road to Port River Expressway","1","South Road","Grange Road to Port River Expressway","true","+1.0000000000000000e+00","dbo",,"11","2021","07","06"
"I","2021-07-06 01:49:38.772185","238","Glenalta to Greenhill / Unley Road","1","Belair Road / Unley Road","Glenalta Rail Crossing to Greenhill Road","true","+1.0000000000000000e+00","dbo",,"11","2021","07","06"
"I","2021-07-06 01:49:38.772192","239","Glenalta to Greenhill / Glen Osmond","1","Fullarton Road / Glen Osmond Road","Glenalta Rail Crossing to Greenhill Road","true","+1.0000000000000000e+00","dbo",,"11","2021","07","06"
"I","2021-07-06 01:49:38.772199","240","Ashford to Brighton Rd","1","ANZAC Highway","Leader Street to Brighton Road","true","+1.0000000000000000e+00","dbo",,"11","2021","07","06"
"I","2021-07-06 01:49:38.772205","241","Hallet Cove to Sturt Road","1","Lonsdale Highway / Brighton Road","Lander Road to Sturt Road","true","+1.0000000000000000e+00","dbo",,"11","2021","07","06"
"I","2021-07-06 01:49:38.772211","242","Hallet Cove to ANZAC Highway","1","Lonsdale Highway / Brighton Road","Lander Road to ANZAC Highway","true","+1.0000000000000000e+00","dbo",,"11","2021","07","06"
"I","2021-07-06 01:49:38.772218","243","Hallet Cove to Sir Donald Bradman Drive","1","Lonsdale Highway / Brighton Road","Lander Road to Sir Donald Bradman Drive","true","+1.0000000000000000e+00","dbo",,"11","2021","07","06"
"I","2021-07-06 01:49:38.772224","244","Paradise to Fullarton Road via Payneham Road","1","Payneham Road","George Street to Fullarton Road","true","+1.0000000000000000e+00","dbo",,"11","2021","07","06"
"I","2021-07-06 01:49:38.772231","245","Paradise to Fullarton Road via Portrush Rd","1","Payneham Road","George Street to Fullarton Road","true","+1.0000000000000000e+00","dbo",,"11","2021","07","06"
"I","2021-07-06 01:49:38.772237","246","Paradise to Fullarton Road via Glynburn Rd","1","Payneham Road","George Street to Fullarton Road","true","+1.0000000000000000e+00","dbo",,"11","2021","07","06"
"I","2021-07-06 01:49:38.772244","247","806-O-Bahn Inbound","1","O-Bahn","Tea Tree Plaza to Hackney Road","true","+1.0000000000000000e+00","dbo",,"11","2021","07","06"
"I","2021-07-06 01:49:38.772250","248","806-Golden Grove Rd / North East Road to Hackney Road","1","North East Road","Golden Grove Road to Hackney / Bundeys","true","+1.0000000000000000e+00","dbo",,"11","2021","07","06"
"I","2021-07-06 01:49:38.772256","249","801 - City to TTP via O-Bahn","1","O-Bahn","East Terrace to TTP","true","+1.0000000000000000e+00","dbo",,"11","2021","07","06"
"I","2021-07-06 01:49:38.772262","250","801-City to TTP via North East Road","1","North East Road","East Tce to TTP","true","+1.0000000000000000e+00","dbo",,"11","2021","07","06"
"I","2021-07-06 01:49:38.772268","251","Port River Expressway closed","1","Port River Expressway","Closed between Nelson Street and Hanson Road","true","+1.0000000000000000e+00","dbo",,"11","2021","07","06"
"I","2021-07-06 01:49:38.772275","252","Port RIver Expressway closure","1","Port River Expressway","closed between Nelson St and Hanson Rd","true","+1.0000000000000000e+00","dbo",,"11","2021","07","06"
"I","2021-07-06 01:49:38.772282","253","56-South Eastern Fwy - Lwr Safety Ramp to City via Glen Osmond Rd","1","ACH / GLEN OSMOND RD (CB)","VMS056 to City","true","+1.0000000000000000e+00","dbo",,"11","2021","07","06"
"I","2021-07-06 01:49:38.772288","254","56-South Eastern Fwy - Lwr Safety Ramp to City via Cross Rd / Unley Rd","1","ACH / GLEN OSMOND RD (CB)","VMS056 to City via Cross Rd / Unley Rd","true","+1.0000000000000000e+00","dbo",,"11","2021","07","06"
"I","2021-07-06 01:49:38.772296","255","Trailer VMS - TS070 to Airport via Greenhill Rd / Richmond Rd / Marion Rd / Sir Don","1","Greenhill Rd / Richmond Rd / Marion Rd / Sir Don","Green Hill Rd - Richmond Rd - Marion Rd - Sir Donald Bradman Drv","true","+1.0000000000000000e+00","dbo",,"11","2021","07","06"
"I","2021-07-06 01:49:38.772305","256","Trailer VMS - TS070 to City via Greenhill Rd / Glen Osmond Rd","1","Greenhill Rd  - Glen Osmond Rd","Greenhill Rd  - Glen Osmond Rd","true","+1.0000000000000000e+00","dbo",,"11","2021","07","06"
"I","2021-07-06 01:49:38.772312","257","56-South Eastern Fwy - Lwr Safety Ramp to City via Portrush Rd / Greenhill Rd","1","SEF - Portrush Rd - Greenhill Rd","SEF - Portrush Rd - Greenhill Rd","true","+1.0000000000000000e+00","dbo",,"11","2021","07","06"
"I","2021-07-06 01:49:38.772319","258","South Eastern Freeway - Lower Safety Ramp to Adelaide Airport","1","Greenhill Road","South Eastern Freeway - Lower Safety Ramp to Adelaide Airport","true","+1.0000000000000000e+00","dbo",,"11","2021","07","06"
"I","2021-07-06 01:49:38.772327","259","VMS520 to City via Greenhill Road","1","Greenhill Road","Fullarton Road to City","true","+1.0000000000000000e+00","dbo",,"11","2021","07","06"
"I","2021-07-06 01:49:38.772333","260","VMS 520 to City via Rundle Street","1","Fullarton Road","Fullarton Road to City","true","+1.0000000000000000e+00","dbo",,"11","2021","07","06"
"I","2021-07-06 01:49:38.772339","261","Seaford Heights to Aldinga","1","Main South Road","Robinson Rd to Aldinga Beach Rd","true","+1.0000000000000000e+00","dbo",,"11","2021","07","06"
"I","2021-07-06 01:49:38.772345","262","VMS 901 to Bolivar via North South Motorway","1","North South Motorway","VMS 901 to Bolivar via North South Motorway","true","+1.0000000000000000e+00","dbo",,"11","2021","07","06"
"I","2021-07-06 01:49:38.772352","263","VMS 901 to Bolivar via Port Wakefield Road","1","Port Wakefield Road","VMS 901 to Bolivar via Port Wakefield Road","true","+1.0000000000000000e+00","dbo",,"11","2021","07","06"
"I","2021-07-06 01:49:38.772359","264","VMS 901 to Waterloo Corner via North South Motorway","1","North South Motorway","VMS 901 to Bolivar via Port Wakefield Road","true","+1.0000000000000000e+00","dbo",,"11","2021","07","06"
"I","2021-07-06 01:49:38.772365","265","VMS 901 to Waterloo Corner via Port Wakefield Road","1","Port Wakefield Road","VMS 901 to Waterloo Corner via Port Wakefield Road","true","+1.0000000000000000e+00","dbo",,"11","2021","07","06"
"I","2021-07-06 01:49:38.772372","266","VMS 902 to Bolivar via North South Motorway","1","North South Motorway","VMS 902 to Bolivar via North South Motorway","true","+1.0000000000000000e+00","dbo",,"11","2021","07","06"
"I","2021-07-06 01:49:38.772379","267","VMS 902 to Bolivar via Port Wakefield Road","1","Port Wakefield Road","VMS 902 to Bolivar via Port Wakefield Road","true","+1.0000000000000000e+00","dbo",,"11","2021","07","06"
"I","2021-07-06 01:49:38.772386","268","VMS 902 to Waterloo Corner via North South Motorway","1","North South Motorway","VMS 902 to Waterloo Corner via North South Motorway","true","+1.0000000000000000e+00","dbo",,"11","2021","07","06"
"I","2021-07-06 01:49:38.772393","269","VMS 902 to Waterloo Corner via Port Wakfield Road","1","Port Wakefield Road","VMS 902 to Waterloo Corner via Port Wakefield Road","true","+1.0000000000000000e+00","dbo",,"11","2021","07","06"
"I","2021-07-06 01:49:38.772400","270","VMS 551 to Pym Street via North South Motorway","1","North South Motorway","VMS 551 South Road to Pym Street via North South Motorway","true","+1.0000000000000000e+00","dbo",,"11","2021","07","06"
"I","2021-07-06 01:49:38.772407","271","VMS 551 to Pym Street via South Road","1","South Road","VMS 551 to Pym Street via South Road","true","+1.0000000000000000e+00","dbo",,"11","2021","07","06"
"I","2021-07-06 01:49:38.772413","272","VMS 551 to Regency Road via North South Motorway","1","North South Motorway","VMS 551 to Regency Road via North South Motorway","true","+1.0000000000000000e+00","dbo",,"11","2021","07","06"
"I","2021-07-06 01:49:38.772420","273","VMS 612 to City (North Terrace) via Main North Road","1","Main North Road","VMS 612 to City (North Terrace)","true","+1.0000000000000000e+00","dbo",,"11","2021","07","06"
"I","2021-07-06 01:49:38.772426","274","VMS 612 to South Eastern Freeway via Portrush Road","1","Portrush Road","VMS 612 to South Eastern Freeway","true","+1.0000000000000000e+00","dbo",,"11","2021","07","06"
"I","2021-07-06 01:49:38.772433","276","VMS 613 to South Eastern Freeway via Portrush Road","1","Portrush Road","VMS 613 to South Eastern Freeway","true","+1.0000000000000000e+00","dbo",,"11","2021","07","06"
"I","2021-07-06 01:49:38.772439","277","VMS 613 to City (North Terrace) via Main North Road","1","Main North Road","VMS 613 to City (North Terrace)","true","+1.0000000000000000e+00","dbo",,"11","2021","07","06"
"I","2021-07-06 01:49:38.772446","279","COVID-19 Testing Station - Daws Road","1","Daws Road","Daws Road","true","+1.0000000000000000e+00","dbo",,"11","2021","07","06"
"I","2021-07-06 01:49:38.772452","280","VMS 903 to A9 Port River Expressway via M2 North South Motorway","1","M2 North South Motorway","VMS 903 to A9 Port River Expressway","true","+1.0000000000000000e+00","dbo",,"11","2021","07","06"
"I","2021-07-06 01:49:38.772459","281","VMS 903 to M1 South Eastern Freeway via Port Wakefield Road","1","Port Wakefield Road","VMS 903 to M1 South Eastern Freeway via Port Wakefield Road","true","+1.0000000000000000e+00","dbo",,"11","2021","07","06"
"I","2021-07-06 01:49:38.772466","282","VMS 903 to Gepps Cross via Port Wakefield Road","1","Port Wakefield Road","VMS 903 to Gepps Cross","true","+1.0000000000000000e+00","dbo",,"11","2021","07","06"
"I","2021-07-06 01:49:38.772472","283","VMS 903 to Port Adelaide via A9 Port River Expressway","1","A9 Port River Expressway","VMS 903 to Port Adelaide","true","+1.0000000000000000e+00","dbo",,"11","2021","07","06"
"I","2021-07-06 01:49:38.772479","285","Test Wakefield St","1","Wakefield St","","true","+1.0000000000000000e+00","dbo",,"11","2021","07","06"
"I","2021-07-06 01:49:38.772484","287","NSC - Southern Expressway to Adelaide CBD","1","South Road","Southern Expressway, Tonsley to Grote Street","true","+1.0000000000000000e+00","dbo",,"11","2021","07","06"
"I","2021-07-06 01:49:38.772492","288","NSC - Southern Expressway to Adelaide Airport","1","South Road","Southern Expressway, Tonsley to Sir Donald Bradman Drive / Airport Road","true","+1.0000000000000000e+00","dbo",,"11","2021","07","06"
"I","2021-07-06 01:49:38.772501","289","NSC - Cross Road to Adelaide Airport","1","Marion Road","South Road / Cross Road to Sir Donald Bradman Drive / Airport Road","true","+1.0000000000000000e+00","dbo",,"11","2021","07","06"
"I","2021-07-06 01:49:38.772508","290","NSC - North South Motorway (Hindmarsh) to Cross Road","1","South Road","North South Motorway / Grange Road to South Road / Cross Road","true","+1.0000000000000000e+00","dbo",,"11","2021","07","06"
"I","2021-07-06 01:49:38.772515","291","NSC - North South Motorway (Hindmarsh) to Brookman Avenue","1","South Road","North South Motorway / Grange Road to South Road / Brookman Avenue","true","+1.0000000000000000e+00","dbo",,"11","2021","07","06"
"I","2021-07-06 01:49:38.772522","292","Ayliffes Road to Old Noarlunga via Southern Expressway","1","Southern Expressway","Ayliffes Road to Old Noarlunga","true","+1.0000000000000000e+00","dbo",,"11","2021","07","06"
"I","2021-07-06 01:49:38.772529","293","Ayliffes Road to Old Noarlunga via Main South Road","1","Main South Road","Ayliffes Road to Old Noarlunga","true","+1.0000000000000000e+00","dbo",,"11","2021","07","06"
"I","2021-07-06 01:49:38.772535","294","Tonsley to Old Noarlunga via Southern Expressway","1","Southern Expressway","Tonsley to Old Noarlunga","true","+1.0000000000000000e+00","dbo",,"11","2021","07","06"
"I","2021-07-06 01:49:38.772542","295","Tonsley to Old Noarlunga via Main South Road","1","Main South Road","Tonsley to Old Noarlunga","true","+1.0000000000000000e+00","dbo",,"11","2021","07","06"
"I","2021-07-06 01:49:38.772548","296","Crafers to Bridgewater via South Eastern Freeway","1","Crafers to Bridgewater via South Eastern Freeway","Crafers to Bridgewater","true","+1.0000000000000000e+00","dbo",,"11","2021","07","06"
"I","2021-07-06 01:49:38.772555","297","Crafers to Hahndorf via South Eastern Freeway","1","South Eastern Freeway","Crafers to Hahndorf","true","+1.0000000000000000e+00","dbo",,"11","2021","07","06"
"I","2021-07-06 01:49:38.772561","298","Crafers to Mount Barker via South Eastern Freeway","1","South Eastern Freeway","Crafers to Mount Barker","true","+1.0000000000000000e+00","dbo",,"11","2021","07","06"
"I","2021-07-06 01:49:38.772568","299","Crafers to Murray Bridge via South Eastern Freeway","1","South Eastern Freeway","Crafers to Murray Bridge","true","+1.0000000000000000e+00","dbo",,"11","2021","07","06"
"I","2021-07-06 01:49:38.772575","300","Stirling to Toll Gate via South Eastern Freeway","1","South Eastern Freeway","Stirling to Toll Gate","true","+1.0000000000000000e+00","dbo",,"11","2021","07","06"
"I","2021-07-06 01:49:38.772581","301","Stirling to City via South Eastern Freeway","1","South Eastern Freeway","Stirling to City","true","+1.0000000000000000e+00","dbo",,"11","2021","07","06"
"I","2021-07-06 01:49:38.772587","302","Stirling to Mount Barker via South Eastern Freeway","1","South Eastern Freeway","Stirling to Mount Barker","true","+1.0000000000000000e+00","dbo",,"11","2021","07","06"
"I","2021-07-06 01:49:38.772593","303","Stirling to Murray Bridge via South Eastern Freeway","1","South Eastern Freeway","Stirling to Murray Bridge","true","+1.0000000000000000e+00","dbo",,"11","2021","07","06"
"I","2021-07-06 01:49:38.772600","304","VMS 555 to Port Adelaide via Port River Expressway","1","Port River Expressway","VMS 555 to Port Adelaide","true","+1.0000000000000000e+00","dbo",,"11","2021","07","06"
"I","2021-07-06 01:49:38.772607","305","VMS 555 to Mawson Lakes via Salisbury Highway","1","Salisbury Highway","VMS 555 to Mawson Lakes","true","+1.0000000000000000e+00","dbo",,"11","2021","07","06"
"I","2021-07-06 01:49:38.772613","306","M2 - Waterloo Corner to Regency Park","1","North South Motorway","Waterloo Corner to Regency Park","true","+1.0000000000000000e+00","dbo",,"11","2021","07","06"
"I","2021-07-06 01:49:38.772619","307","M2 North South Motorway - Waterloo Corner to Port Adelaide","1","M2 North South Motorway","Waterloo Corner to Port Adelaide","true","+1.0000000000000000e+00","dbo",,"11","2021","07","06"
"I","2021-07-06 01:49:38.772626","308","M2 North South Motorway - Bolivar to Regency Park","1","M2 North South Motorway","Bolivar to Regency Road","true","+1.0000000000000000e+00","dbo",,"11","2021","07","06"
"I","2021-07-06 01:49:38.772632","309","M2 North South Motorway - Bolivar to Port Adelaide","1","M2 North South Motorway","Bolivar to Port Adelaide","true","+1.0000000000000000e+00","dbo",,"11","2021","07","06"
"I","2021-07-06 01:49:38.772639","310","VMS 551 to Port River Expressway via North South Motorway","1","North South Motorway","VMS 551 to Port River Expressway","true","+1.0000000000000000e+00","dbo",,"11","2021","07","06"
"I","2021-07-06 01:49:38.772646","311","VMS 915 to Angle Vale Road via Northern Expressway","1","Northern Expressway","VMS 915 to Angle Vale Road","true","+1.0000000000000000e+00","dbo",,"11","2021","07","06"
"I","2021-07-06 01:49:38.772653","312","VMS 915 to Heaslip Road via Northern Expressway","1","Northern Expressway","VMS 915 to Heaslip Road","true","+1.0000000000000000e+00","dbo",,"11","2021","07","06"
"I","2021-07-06 01:49:38.772659","313","VMS 915 to Gawler via Northern Expressway","1","Northern Expressway","VMS 915 to Gawler","true","+1.0000000000000000e+00","dbo",,"11","2021","07","06"
"I","2021-07-06 01:49:38.772665","314","VMS 915 to Port Wakefield via Port Wakefield Highway","1","Port Wakefield Highway","VMS 915 to Port Wakefield","true","+1.0000000000000000e+00","dbo",,"11","2021","07","06"
"I","2021-07-06 01:49:38.772672","315","564 - Regency Rd (Days Rd to Churchill Rd)","1","Regency Rd","","true","+1.0000000000000000e+00","dbo",,"11","2021","07","06"
"I","2021-07-06 01:49:38.772677","316","564 - Regency Rd (Days Rd to Prospect Rd)","1","Regency Rd","","true","+1.0000000000000000e+00","dbo",,"11","2021","07","06"
"I","2021-07-06 01:49:38.772683","317","564 - Regency Rd (Days Rd to Main North Rd)","1","Regency Rd","","true","+1.0000000000000000e+00","dbo",,"11","2021","07","06"
"I","2021-07-06 01:49:38.772688","318","564 - Regency Rd (Days Rd to Hampstead Rd)","1","Regency Rd","","true","+1.0000000000000000e+00","dbo",,"11","2021","07","06"
"I","2021-07-06 01:49:38.772693","319","563 - M2 Motorway NB (Days Rd to Bolivar Rd exit)","1","M2 Motorway NB","","true","+1.0000000000000000e+00","dbo",,"11","2021","07","06"
"I","2021-07-06 01:49:38.772699","320","563 - M2 Motorway SB (Days Rd to Hindmarsh)","1","M2 Motorway","","true","+1.0000000000000000e+00","dbo",,"11","2021","07","06"
"I","2021-07-06 01:49:38.772705","321","563 - Regency Rd (Days Rd to Churchill Rd)","1","Regency Rd","","true","+1.0000000000000000e+00","dbo",,"11","2021","07","06"
"I","2021-07-06 01:49:38.772710","322","563 - Regency Rd (Days Rd to Hampstead Rd)","1","Regency Rd","","true","+1.0000000000000000e+00","dbo",,"11","2021","07","06"
"I","2021-07-06 01:49:38.772715","323","562 - Cavan (Gallipoli > GJ > Cavan Rd)","1","Gallipoli Drv","","true","+1.0000000000000000e+00","dbo",,"11","2021","07","06"
"I","2021-07-06 01:49:38.772721","324","562 - To Hampstead Rd","1","Grand Junction Rd","","true","+1.0000000000000000e+00","dbo",,"11","2021","07","06"
"I","2021-07-06 01:49:38.772726","325","562 - M2 Motorway to Hindmarsh","1","M2 Motorway","","true","+1.0000000000000000e+00","dbo",,"11","2021","07","06"
"I","2021-07-06 01:49:38.772731","326","562 - M2 Motorway to Bolivar","1","M2 Motorway","","true","+1.0000000000000000e+00","dbo",,"11","2021","07","06"
"I","2021-07-06 01:49:38.772737","327","560 - Regency Rd to South Rd","1","Regency Rd","","true","+1.0000000000000000e+00","dbo",,"11","2021","07","06"
"I","2021-07-06 01:49:38.772742","328","560 - Regency Rd to Torrens Rd","1","Regency rd","","true","+1.0000000000000000e+00","dbo",,"11","2021","07","06"
"I","2021-07-06 01:49:38.772747","329","560 - Churchill Rd (Regency to GJ Rd)","1","Churchill Rd","","true","+1.0000000000000000e+00","dbo",,"11","2021","07","06"
"I","2021-07-06 01:49:38.772753","330","560 - Churchill Rd (Regency Rd to Torrens Rd)","1","Churchill Rd","","true","+1.0000000000000000e+00","dbo",,"11","2021","07","06"
"I","2021-07-06 01:49:38.772758","331","561 - Regency Rd to Days Rd","1","Regency Rd","","true","+1.0000000000000000e+00","dbo",,"11","2021","07","06"
"I","2021-07-06 01:49:38.772763","332","561 - Regency Rd to Torrens Rd","1","Regency Rd","","true","+1.0000000000000000e+00","dbo",,"11","2021","07","06"
"I","2021-07-06 01:49:38.772769","333","560 - M2 Motorway to Hindmarsh","1","M2 Motorway","","true","+1.0000000000000000e+00","dbo",,"11","2021","07","06"
"I","2021-07-06 01:49:38.772774","334","561 - M2 Motorway to Wingfield","1","M2 Motorway","","true","+1.0000000000000000e+00","dbo",,"11","2021","07","06"
"I","2021-07-06 01:49:38.772779","335","556 - Airport via Holbrooks Rd","1","South Rd","","true","+1.0000000000000000e+00","dbo",,"11","2021","07","06"
"I","2021-07-06 01:49:38.772784","336","556 - Airport via Sir Donald Bradman Drv","1","South Rd","","true","+1.0000000000000000e+00","dbo",,"11","2021","07","06"
"I","2021-07-06 01:49:38.772790","337","556 - to Anzac Hwy","1","South Rd","","true","+1.0000000000000000e+00","dbo",,"11","2021","07","06"
"I","2021-07-06 01:49:38.772795","338","556 - to Tonsley","1","South Rd","","true","+1.0000000000000000e+00","dbo",,"11","2021","07","06"
"I","2021-07-06 01:49:38.772800","339","559 - to Hindmarsh","1","South Rd","","true","+1.0000000000000000e+00","dbo",,"11","2021","07","06"
"I","2021-07-06 01:49:38.772805","340","559 to Richmond Rd","1","South Rd","","true","+1.0000000000000000e+00","dbo",,"11","2021","07","06"
"I","2021-07-06 01:49:38.772810","341","559 to Cross Rd","1","South Rd","","true","+1.0000000000000000e+00","dbo",,"11","2021","07","06"
"I","2021-07-06 01:49:38.772815","342","559 - To Daws Rd","1","South Rd","","true","+1.0000000000000000e+00","dbo",,"11","2021","07","06"
"I","2021-07-06 01:49:38.772820","343","557 - Cavan via Nameena Rd","1","Regency Rd","","true","+1.0000000000000000e+00","dbo",,"11","2021","07","06"
"I","2021-07-06 01:49:38.772825","344","557 - Cavan via Churchill rd","1","Regency Rd","","true","+1.0000000000000000e+00","dbo",,"11","2021","07","06"
"I","2021-07-06 01:49:38.772830","345","557 - Regency Rd to Torrens Rd","1","regency Rd","","true","+1.0000000000000000e+00","dbo",,"11","2021","07","06"
"I","2021-07-06 01:49:38.772836","346","557 - Regency Rd to Hampstead Rd","1","Regency Rd","","true","+1.0000000000000000e+00","dbo",,"11","2021","07","06"
"I","2021-07-06 01:49:38.772841","347","558 - to Bolivar","1","","","true","+1.0000000000000000e+00","dbo",,"11","2021","07","06"
"I","2021-07-06 01:49:38.772846","348","558 to Northern Expressway","1","M2 Motorway","","true","+1.0000000000000000e+00","dbo",,"11","2021","07","06"
"I","2021-07-06 01:49:38.772851","349","558 - Salisbury Hwy to Pt Adelaide","1","M2 Motorway","","true","+1.0000000000000000e+00","dbo",,"11","2021","07","06"
"I","2021-07-06 01:49:38.772856","350","558 - Salisbury Hwy to Salisbury","1","M2 Motorway","","true","+1.0000000000000000e+00","dbo",,"11","2021","07","06"
"I","2021-07-06 01:49:38.772862","351","904 - To Waterloo Cnr Rd","1","Pt Wakefield Rd","","true","+1.0000000000000000e+00","dbo",,"11","2021","07","06"
"I","2021-07-06 01:49:38.772867","352","904 to Buckland Park","1","Pt Wakefield Rd","","true","+1.0000000000000000e+00","dbo",,"11","2021","07","06"
"I","2021-07-06 01:49:38.772872","353","904 - Gawler Via Bolivar Rd Entry Ramp","1","M2 Motorway","","true","+1.0000000000000000e+00","dbo",,"11","2021","07","06"
"I","2021-07-06 01:49:38.772877","354","904 - Gawler via Waterloo Cnr Entry Ramp","1","M2 Motorway","","true","+1.0000000000000000e+00","dbo",,"11","2021","07","06"
"I","2021-07-06 01:49:38.772883","355","909 - Pt Wakefield Rd to Montague Rd","1","Pt Wakefield Rd","","true","+1.0000000000000000e+00","dbo",,"11","2021","07","06"
"I","2021-07-06 01:49:38.772888","356","909 - Pt Wakefield Rd to Main North Rd","1","Pt Wakefield Rd","","true","+1.0000000000000000e+00","dbo",,"11","2021","07","06"
"I","2021-07-06 01:49:38.772894","357","909 - M2 Motorway To Salisbury Hwy","1","M2 Motorway Southbound","","true","+1.0000000000000000e+00","dbo",,"11","2021","07","06"
"I","2021-07-06 01:49:38.772899","358","909 - M2 Motorway to Hindmarsh","1","M2 Motorway","","true","+1.0000000000000000e+00","dbo",,"11","2021","07","06"
"I","2021-10-14 21:59:47.503000","371","M1 South Eastern Freeway - Mount Osmond to Crafers","1","M1 South Eastern Freeway","Mount Osmond to Crafers","true","+1.0000000000000000e+00","dbo",,"08","2021","10","15"
"D","2021-10-13 03:21:25.447000","366","Mt Barker Rd  (Crafers to Devils Elbow)","1","Mt Barker Rd","Crafers - Devils Elbow","true","+1.0000000000000000e+00","dbo",,"13","2021","10","13"
"D","2021-10-13 03:21:42.427000","365","Mt Barker Rd (Devils Elbow to Crafers)","1","Mt Barker Rd","Devils Elbow - Crafers","true","+1.0000000000000000e+00","dbo",,"13","2021","10","13"
"I","2021-10-13 03:20:25.697000","368","M1 South Eastern Freeway Alternate Route (Mount Barker Road, Eagle on the Hill) Outbound","1","","","true","+1.0000000000000000e+00","dbo",,"13","2021","10","13"
"I","2021-10-13 03:21:23.300000","369","M1 South Eastern Freeway Alternate Route (Mount Barker Road, Eagle on the Hill) Inbound","1","","","true","+1.0000000000000000e+00","dbo",,"13","2021","10","13"
"I","2021-08-10 11:12:25.690236","362","VMS061 to Brittania R/About","1","SEF > Glen Osmond Rd > Fullarton Rd","","true","+1.0000000000000000e+00","dbo",,"20","2021","08","10"
"U","2021-10-09 22:53:41.920000","367","VMS 901 to M2 Bolivar Entry Ramp via Port Wakefield Rd","1","Port Wakefield Rd (NB)","VMS901 > Salisbury Hwy > PWR > M2 Bolivar On-Ramp","true","+1.0000000000000000e+00","dbo",,"09","2021","10","10"
"U","2021-10-01 05:18:22.837526","366","Mt Barker Rd  (Crafers to Devils Elbow)","1","Mt Barker Rd","Crafers - Devils Elbow","true","+1.0000000000000000e+00","dbo",,"14","2021","10","01"
"I","2021-08-10 11:12:25.690236","362","VMS061 to Brittania R/About","1","SEF > Glen Osmond Rd > Fullarton Rd","","true","+1.0000000000000000e+00","dbo",,"20","2021","08","10"
"I","2021-08-10 11:08:22.661786","359","VMS061 to Kensington Rd","1","SEF > Portrush rd","","true","+1.0000000000000000e+00","dbo",,"20","2021","08","10"
"I","2021-08-10 11:09:02.485693","360","VMS061 to Unley Rd","1","SEF > Cross Rd","","true","+1.0000000000000000e+00","dbo",,"20","2021","08","10"
"I","2021-10-09 22:47:21.270000","367","VMS 901 to M2 Bolivar Entry Ramp via Port Wakefield Rd","1","Port Wakefield Rd","M2 (VMS 901) to Salisbury Hwy > Port Wakefield Rd > M2 Boliver Entry Ramp","true","+1.0000000000000000e+00","dbo",,"09","2021","10","10"
"U","2021-10-09 22:52:22.510000","367","VMS 901 to M2 Bolivar Entry Ramp via Port Wakefield Rd","1","Port Wakefield Rd (NB)","M2 > Salisbury Hwy > Port Wakefield Rd > M2 Bolivar on- ramp","true","+1.0000000000000000e+00","dbo",,"09","2021","10","10"
"I","2021-08-10 11:08:22.661786","359","VMS061 to Kensington Rd","1","SEF > Portrush rd","","true","+1.0000000000000000e+00","dbo",,"20","2021","08","10"
"I","2021-08-10 11:09:02.485693","360","VMS061 to Unley Rd","1","SEF > Cross Rd","","true","+1.0000000000000000e+00","dbo",,"20","2021","08","10"
"I","2021-08-10 11:10:27.722834","361","VMS061 to Keswick","1","SEF > Glen Osmond rd > Greenhill Rd","","true","+1.0000000000000000e+00","dbo",,"20","2021","08","10"
